<?xml version="1.0" encoding="UTF-8"?>
<rqt_multiplot>
    <table>
        <background_color>#ffffff</background_color>
        <foreground_color>#000000</foreground_color>
        <link_cursor>false</link_cursor>
        <link_scale>false</link_scale>
        <plots>
            <row_0>
                <column_0>
                    <axes>
                        <axes>
                            <x_axis>
                                <custom_title>Untitled Axis</custom_title>
                                <title_type>0</title_type>
                                <title_visible>true</title_visible>
                            </x_axis>
                            <y_axis>
                                <custom_title>Untitled Axis</custom_title>
                                <title_type>0</title_type>
                                <title_visible>true</title_visible>
                            </y_axis>
                        </axes>
                    </axes>
                    <curves>
                        <curve_0>
                            <axes>
                                <x_axis>
                                    <field></field>
                                    <field_type>1</field_type>
                                    <scale>
                                        <absolute_maximum>1000</absolute_maximum>
                                        <absolute_minimum>0</absolute_minimum>
                                        <relative_maximum>0</relative_maximum>
                                        <relative_minimum>-1000</relative_minimum>
                                        <type>0</type>
                                    </scale>
                                    <topic>/accel_brake_map_calibrator/debug_values</topic>
                                    <type>std_msgs/Float32MultiArray</type>
                                </x_axis>
                                <y_axis>
                                    <field>data/0</field>
                                    <field_type>0</field_type>
                                    <scale>
                                        <absolute_maximum>1000</absolute_maximum>
                                        <absolute_minimum>0</absolute_minimum>
                                        <relative_maximum>0</relative_maximum>
                                        <relative_minimum>-1000</relative_minimum>
                                        <type>0</type>
                                    </scale>
                                    <topic>/accel_brake_map_calibrator/debug_values</topic>
                                    <type>std_msgs/Float32MultiArray</type>
                                </y_axis>
                            </axes>
                            <color>
                                <custom_color>#000000</custom_color>
                                <type>0</type>
                            </color>
                            <data>
                                <circular_buffer_capacity>1000</circular_buffer_capacity>
                                <time_frame_length>10</time_frame_length>
                                <type>0</type>
                            </data>
                            <style>
                                <lines_interpolate>false</lines_interpolate>
                                <pen_style>1</pen_style>
                                <pen_width>2</pen_width>
                                <render_antialias>false</render_antialias>
                                <steps_invert>false</steps_invert>
                                <sticks_baseline>0</sticks_baseline>
                                <sticks_orientation>2</sticks_orientation>
                                <type>0</type>
                            </style>
                            <subscriber_queue_size>100</subscriber_queue_size>
                            <title>speed</title>
                        </curve_0>
                        <curve_1>
                            <axes>
                                <x_axis>
                                    <field></field>
                                    <field_type>1</field_type>
                                    <scale>
                                        <absolute_maximum>1000</absolute_maximum>
                                        <absolute_minimum>0</absolute_minimum>
                                        <relative_maximum>0</relative_maximum>
                                        <relative_minimum>-1000</relative_minimum>
                                        <type>0</type>
                                    </scale>
                                    <topic>/accel_brake_map_calibrator/debug_values</topic>
                                    <type>std_msgs/Float32MultiArray</type>
                                </x_axis>
                                <y_axis>
                                    <field>data/3</field>
                                    <field_type>0</field_type>
                                    <scale>
                                        <absolute_maximum>1000</absolute_maximum>
                                        <absolute_minimum>0</absolute_minimum>
                                        <relative_maximum>0</relative_maximum>
                                        <relative_minimum>-1000</relative_minimum>
                                        <type>0</type>
                                    </scale>
                                    <topic>/accel_brake_map_calibrator/debug_values</topic>
                                    <type>std_msgs/Float32MultiArray</type>
                                </y_axis>
                            </axes>
                            <color>
                                <custom_color>#000000</custom_color>
                                <type>0</type>
                            </color>
                            <data>
                                <circular_buffer_capacity>1000</circular_buffer_capacity>
                                <time_frame_length>10</time_frame_length>
                                <type>0</type>
                            </data>
                            <style>
                                <lines_interpolate>false</lines_interpolate>
                                <pen_style>2</pen_style>
                                <pen_width>2</pen_width>
                                <render_antialias>false</render_antialias>
                                <steps_invert>false</steps_invert>
                                <sticks_baseline>0</sticks_baseline>
                                <sticks_orientation>2</sticks_orientation>
                                <type>0</type>
                            </style>
                            <subscriber_queue_size>100</subscriber_queue_size>
                            <title>raw accel</title>
                        </curve_1>
                        <curve_2>
                            <axes>
                                <x_axis>
                                    <field></field>
                                    <field_type>1</field_type>
                                    <scale>
                                        <absolute_maximum>1000</absolute_maximum>
                                        <absolute_minimum>0</absolute_minimum>
                                        <relative_maximum>0</relative_maximum>
                                        <relative_minimum>-1000</relative_minimum>
                                        <type>0</type>
                                    </scale>
                                    <topic>/accel_brake_map_calibrator/debug_values</topic>
                                    <type>std_msgs/Float32MultiArray</type>
                                </x_axis>
                                <y_axis>
                                    <field>data/4</field>
                                    <field_type>0</field_type>
                                    <scale>
                                        <absolute_maximum>1000</absolute_maximum>
                                        <absolute_minimum>0</absolute_minimum>
                                        <relative_maximum>0</relative_maximum>
                                        <relative_minimum>-1000</relative_minimum>
                                        <type>0</type>
                                    </scale>
                                    <topic>/accel_brake_map_calibrator/debug_values</topic>
                                    <type>std_msgs/Float32MultiArray</type>
                                </y_axis>
                            </axes>
                            <color>
                                <custom_color>#000000</custom_color>
                                <type>0</type>
                            </color>
                            <data>
                                <circular_buffer_capacity>1000</circular_buffer_capacity>
                                <time_frame_length>10</time_frame_length>
                                <type>0</type>
                            </data>
                            <style>
                                <lines_interpolate>false</lines_interpolate>
                                <pen_style>1</pen_style>
                                <pen_width>2</pen_width>
                                <render_antialias>false</render_antialias>
                                <steps_invert>false</steps_invert>
                                <sticks_baseline>0</sticks_baseline>
                                <sticks_orientation>2</sticks_orientation>
                                <type>0</type>
                            </style>
                            <subscriber_queue_size>100</subscriber_queue_size>
                            <title>accel</title>
                        </curve_2>
                        <curve_3>
                            <axes>
                                <x_axis>
                                    <field></field>
                                    <field_type>1</field_type>
                                    <scale>
                                        <absolute_maximum>1000</absolute_maximum>
                                        <absolute_minimum>0</absolute_minimum>
                                        <relative_maximum>0</relative_maximum>
                                        <relative_minimum>-1000</relative_minimum>
                                        <type>0</type>
                                    </scale>
                                    <topic>/accel_brake_map_calibrator/debug_values</topic>
                                    <type>std_msgs/Float32MultiArray</type>
                                </x_axis>
                                <y_axis>
                                    <field>data/1</field>
                                    <field_type>0</field_type>
                                    <scale>
                                        <absolute_maximum>1000</absolute_maximum>
                                        <absolute_minimum>0</absolute_minimum>
                                        <relative_maximum>0</relative_maximum>
                                        <relative_minimum>-1000</relative_minimum>
                                        <type>0</type>
                                    </scale>
                                    <topic>/accel_brake_map_calibrator/debug_values</topic>
                                    <type>std_msgs/Float32MultiArray</type>
                                </y_axis>
                            </axes>
                            <color>
                                <custom_color>#000000</custom_color>
                                <type>0</type>
                            </color>
                            <data>
                                <circular_buffer_capacity>1000</circular_buffer_capacity>
                                <time_frame_length>10</time_frame_length>
                                <type>0</type>
                            </data>
                            <style>
                                <lines_interpolate>false</lines_interpolate>
                                <pen_style>1</pen_style>
                                <pen_width>2</pen_width>
                                <render_antialias>false</render_antialias>
                                <steps_invert>false</steps_invert>
                                <sticks_baseline>0</sticks_baseline>
                                <sticks_orientation>2</sticks_orientation>
                                <type>0</type>
                            </style>
                            <subscriber_queue_size>100</subscriber_queue_size>
                            <title>accel pedal</title>
                        </curve_3>
                        <curve_4>
                            <axes>
                                <x_axis>
                                    <field></field>
                                    <field_type>1</field_type>
                                    <scale>
                                        <absolute_maximum>1000</absolute_maximum>
                                        <absolute_minimum>0</absolute_minimum>
                                        <relative_maximum>0</relative_maximum>
                                        <relative_minimum>-1000</relative_minimum>
                                        <type>0</type>
                                    </scale>
                                    <topic>/accel_brake_map_calibrator/debug_values</topic>
                                    <type>std_msgs/Float32MultiArray</type>
                                </x_axis>
                                <y_axis>
                                    <field>data/2</field>
                                    <field_type>0</field_type>
                                    <scale>
                                        <absolute_maximum>1000</absolute_maximum>
                                        <absolute_minimum>0</absolute_minimum>
                                        <relative_maximum>0</relative_maximum>
                                        <relative_minimum>-1000</relative_minimum>
                                        <type>0</type>
                                    </scale>
                                    <topic>/accel_brake_map_calibrator/debug_values</topic>
                                    <type>std_msgs/Float32MultiArray</type>
                                </y_axis>
                            </axes>
                            <color>
                                <custom_color>#000000</custom_color>
                                <type>0</type>
                            </color>
                            <data>
                                <circular_buffer_capacity>1000</circular_buffer_capacity>
                                <time_frame_length>10</time_frame_length>
                                <type>0</type>
                            </data>
                            <style>
                                <lines_interpolate>false</lines_interpolate>
                                <pen_style>1</pen_style>
                                <pen_width>2</pen_width>
                                <render_antialias>false</render_antialias>
                                <steps_invert>false</steps_invert>
                                <sticks_baseline>0</sticks_baseline>
                                <sticks_orientation>2</sticks_orientation>
                                <type>0</type>
                            </style>
                            <subscriber_queue_size>100</subscriber_queue_size>
                            <title>brake pedal</title>
                        </curve_4>
                        <curve_5>
                            <axes>
                                <x_axis>
                                    <field></field>
                                    <field_type>1</field_type>
                                    <scale>
                                        <absolute_maximum>1000</absolute_maximum>
                                        <absolute_minimum>0</absolute_minimum>
                                        <relative_maximum>0</relative_maximum>
                                        <relative_minimum>-1000</relative_minimum>
                                        <type>0</type>
                                    </scale>
                                    <topic>/accel_brake_map_calibrator/debug_values</topic>
                                    <type>std_msgs/Float32MultiArray</type>
                                </x_axis>
                                <y_axis>
                                    <field>data/12</field>
                                    <field_type>0</field_type>
                                    <scale>
                                        <absolute_maximum>1000</absolute_maximum>
                                        <absolute_minimum>0</absolute_minimum>
                                        <relative_maximum>0</relative_maximum>
                                        <relative_minimum>-1000</relative_minimum>
                                        <type>0</type>
                                    </scale>
                                    <topic>/accel_brake_map_calibrator/debug_values</topic>
                                    <type>std_msgs/Float32MultiArray</type>
                                </y_axis>
                            </axes>
                            <color>
                                <custom_color>#000000</custom_color>
                                <type>0</type>
                            </color>
                            <data>
                                <circular_buffer_capacity>1000</circular_buffer_capacity>
                                <time_frame_length>10</time_frame_length>
                                <type>0</type>
                            </data>
                            <style>
                                <lines_interpolate>false</lines_interpolate>
                                <pen_style>1</pen_style>
                                <pen_width>2</pen_width>
                                <render_antialias>false</render_antialias>
                                <steps_invert>false</steps_invert>
                                <sticks_baseline>0</sticks_baseline>
                                <sticks_orientation>2</sticks_orientation>
                                <type>0</type>
                            </style>
                            <subscriber_queue_size>100</subscriber_queue_size>
                            <title>success to update</title>
                        </curve_5>
                        <curve_6>
                            <axes>
                                <x_axis>
                                    <field></field>
                                    <field_type>1</field_type>
                                    <scale>
                                        <absolute_maximum>1000</absolute_maximum>
                                        <absolute_minimum>0</absolute_minimum>
                                        <relative_maximum>0</relative_maximum>
                                        <relative_minimum>-1000</relative_minimum>
                                        <type>0</type>
                                    </scale>
                                    <topic>/accel_brake_map_calibrator/debug_values</topic>
                                    <type>std_msgs/Float32MultiArray</type>
                                </x_axis>
                                <y_axis>
                                    <field>data/13</field>
                                    <field_type>0</field_type>
                                    <scale>
                                        <absolute_maximum>1000</absolute_maximum>
                                        <absolute_minimum>0</absolute_minimum>
                                        <relative_maximum>0</relative_maximum>
                                        <relative_minimum>-1000</relative_minimum>
                                        <type>0</type>
                                    </scale>
                                    <topic>/accel_brake_map_calibrator/debug_values</topic>
                                    <type>std_msgs/Float32MultiArray</type>
                                </y_axis>
                            </axes>
                            <color>
                                <custom_color>#000000</custom_color>
                                <type>0</type>
                            </color>
                            <data>
                                <circular_buffer_capacity>1000</circular_buffer_capacity>
                                <time_frame_length>10</time_frame_length>
                                <type>0</type>
                            </data>
                            <style>
                                <lines_interpolate>false</lines_interpolate>
                                <pen_style>4</pen_style>
                                <pen_width>2</pen_width>
                                <render_antialias>false</render_antialias>
                                <steps_invert>false</steps_invert>
                                <sticks_baseline>0</sticks_baseline>
                                <sticks_orientation>2</sticks_orientation>
                                <type>0</type>
                            </style>
                            <subscriber_queue_size>100</subscriber_queue_size>
                            <title>jerk</title>
                        </curve_6>
                    </curves>
                    <legend>
                        <visible>true</visible>
                    </legend>
                    <plot_rate>30</plot_rate>
                    <title>main info</title>
                </column_0>
                <column_1>
                    <axes>
                        <axes>
                            <x_axis>
                                <custom_title>Untitled Axis</custom_title>
                                <title_type>0</title_type>
                                <title_visible>true</title_visible>
                            </x_axis>
                            <y_axis>
                                <custom_title>Untitled Axis</custom_title>
                                <title_type>0</title_type>
                                <title_visible>true</title_visible>
                            </y_axis>
                        </axes>
                    </axes>
                    <legend>
                        <visible>true</visible>
                    </legend>
                    <plot_rate>30</plot_rate>
                    <title>Untitled Plot</title>
                </column_1>
            </row_0>
            <row_1>
                <column_0>
                    <axes>
                        <axes>
                            <x_axis>
                                <custom_title>Untitled Axis</custom_title>
                                <title_type>0</title_type>
                                <title_visible>true</title_visible>
                            </x_axis>
                            <y_axis>
                                <custom_title>Untitled Axis</custom_title>
                                <title_type>0</title_type>
                                <title_visible>true</title_visible>
                            </y_axis>
                        </axes>
                    </axes>
                    <curves>
                        <curve_0>
                            <axes>
                                <x_axis>
                                    <field></field>
                                    <field_type>1</field_type>
                                    <scale>
                                        <absolute_maximum>1000</absolute_maximum>
                                        <absolute_minimum>0</absolute_minimum>
                                        <relative_maximum>0</relative_maximum>
                                        <relative_minimum>-1000</relative_minimum>
                                        <type>0</type>
                                    </scale>
                                    <topic>/accel_brake_map_calibrator/debug_values</topic>
                                    <type>std_msgs/Float32MultiArray</type>
                                </x_axis>
                                <y_axis>
                                    <field>data/9</field>
                                    <field_type>0</field_type>
                                    <scale>
                                        <absolute_maximum>1000</absolute_maximum>
                                        <absolute_minimum>0</absolute_minimum>
                                        <relative_maximum>0</relative_maximum>
                                        <relative_minimum>-1000</relative_minimum>
                                        <type>0</type>
                                    </scale>
                                    <topic>/accel_brake_map_calibrator/debug_values</topic>
                                    <type>std_msgs/Float32MultiArray</type>
                                </y_axis>
                            </axes>
                            <color>
                                <custom_color>#000000</custom_color>
                                <type>0</type>
                            </color>
                            <data>
                                <circular_buffer_capacity>1000</circular_buffer_capacity>
                                <time_frame_length>10</time_frame_length>
                                <type>0</type>
                            </data>
                            <style>
                                <lines_interpolate>false</lines_interpolate>
                                <pen_style>2</pen_style>
                                <pen_width>2</pen_width>
                                <render_antialias>false</render_antialias>
                                <steps_invert>false</steps_invert>
                                <sticks_baseline>0</sticks_baseline>
                                <sticks_orientation>2</sticks_orientation>
                                <type>0</type>
                            </style>
                            <subscriber_queue_size>100</subscriber_queue_size>
                            <title>raw pitch</title>
                        </curve_0>
                        <curve_1>
                            <axes>
                                <x_axis>
                                    <field></field>
                                    <field_type>1</field_type>
                                    <scale>
                                        <absolute_maximum>1000</absolute_maximum>
                                        <absolute_minimum>0</absolute_minimum>
                                        <relative_maximum>0</relative_maximum>
                                        <relative_minimum>-1000</relative_minimum>
                                        <type>0</type>
                                    </scale>
                                    <topic>/accel_brake_map_calibrator/debug_values</topic>
                                    <type>std_msgs/Float32MultiArray</type>
                                </x_axis>
                                <y_axis>
                                    <field>data/10</field>
                                    <field_type>0</field_type>
                                    <scale>
                                        <absolute_maximum>1000</absolute_maximum>
                                        <absolute_minimum>0</absolute_minimum>
                                        <relative_maximum>0</relative_maximum>
                                        <relative_minimum>-1000</relative_minimum>
                                        <type>0</type>
                                    </scale>
                                    <topic>/accel_brake_map_calibrator/debug_values</topic>
                                    <type>std_msgs/Float32MultiArray</type>
                                </y_axis>
                            </axes>
                            <color>
                                <custom_color>#000000</custom_color>
                                <type>0</type>
                            </color>
                            <data>
                                <circular_buffer_capacity>1000</circular_buffer_capacity>
                                <time_frame_length>10</time_frame_length>
                                <type>0</type>
                            </data>
                            <style>
                                <lines_interpolate>false</lines_interpolate>
                                <pen_style>1</pen_style>
                                <pen_width>2</pen_width>
                                <render_antialias>false</render_antialias>
                                <steps_invert>false</steps_invert>
                                <sticks_baseline>0</sticks_baseline>
                                <sticks_orientation>2</sticks_orientation>
                                <type>0</type>
                            </style>
                            <subscriber_queue_size>100</subscriber_queue_size>
                            <title>pitch</title>
                        </curve_1>
                        <curve_2>
                            <axes>
                                <x_axis>
                                    <field></field>
                                    <field_type>1</field_type>
                                    <scale>
                                        <absolute_maximum>1000</absolute_maximum>
                                        <absolute_minimum>0</absolute_minimum>
                                        <relative_maximum>0</relative_maximum>
                                        <relative_minimum>-1000</relative_minimum>
                                        <type>0</type>
                                    </scale>
                                    <topic>/accel_brake_map_calibrator/debug_values</topic>
                                    <type>std_msgs/Float32MultiArray</type>
                                </x_axis>
                                <y_axis>
                                    <field>data/5</field>
                                    <field_type>0</field_type>
                                    <scale>
                                        <absolute_maximum>1000</absolute_maximum>
                                        <absolute_minimum>0</absolute_minimum>
                                        <relative_maximum>0</relative_maximum>
                                        <relative_minimum>-1000</relative_minimum>
                                        <type>0</type>
                                    </scale>
                                    <topic>/accel_brake_map_calibrator/debug_values</topic>
                                    <type>std_msgs/Float32MultiArray</type>
                                </y_axis>
                            </axes>
                            <color>
                                <custom_color>#000000</custom_color>
                                <type>0</type>
                            </color>
                            <data>
                                <circular_buffer_capacity>1000</circular_buffer_capacity>
                                <time_frame_length>10</time_frame_length>
                                <type>0</type>
                            </data>
                            <style>
                                <lines_interpolate>false</lines_interpolate>
                                <pen_style>2</pen_style>
                                <pen_width>2</pen_width>
                                <render_antialias>false</render_antialias>
                                <steps_invert>false</steps_invert>
                                <sticks_baseline>0</sticks_baseline>
                                <sticks_orientation>2</sticks_orientation>
                                <type>0</type>
                            </style>
                            <subscriber_queue_size>100</subscriber_queue_size>
                            <title>raw accel speed</title>
                        </curve_2>
                        <curve_3>
                            <axes>
                                <x_axis>
                                    <field></field>
                                    <field_type>1</field_type>
                                    <scale>
                                        <absolute_maximum>1000</absolute_maximum>
                                        <absolute_minimum>0</absolute_minimum>
                                        <relative_maximum>0</relative_maximum>
                                        <relative_minimum>-1000</relative_minimum>
                                        <type>0</type>
                                    </scale>
                                    <topic>/accel_brake_map_calibrator/debug_values</topic>
                                    <type>std_msgs/Float32MultiArray</type>
                                </x_axis>
                                <y_axis>
                                    <field>data/6</field>
                                    <field_type>0</field_type>
                                    <scale>
                                        <absolute_maximum>1000</absolute_maximum>
                                        <absolute_minimum>0</absolute_minimum>
                                        <relative_maximum>0</relative_maximum>
                                        <relative_minimum>-1000</relative_minimum>
                                        <type>0</type>
                                    </scale>
                                    <topic>/accel_brake_map_calibrator/debug_values</topic>
                                    <type>std_msgs/Float32MultiArray</type>
                                </y_axis>
                            </axes>
                            <color>
                                <custom_color>#000000</custom_color>
                                <type>0</type>
                            </color>
                            <data>
                                <circular_buffer_capacity>1000</circular_buffer_capacity>
                                <time_frame_length>10</time_frame_length>
                                <type>0</type>
                            </data>
                            <style>
                                <lines_interpolate>false</lines_interpolate>
                                <pen_style>1</pen_style>
                                <pen_width>2</pen_width>
                                <render_antialias>false</render_antialias>
                                <steps_invert>false</steps_invert>
                                <sticks_baseline>0</sticks_baseline>
                                <sticks_orientation>2</sticks_orientation>
                                <type>0</type>
                            </style>
                            <subscriber_queue_size>100</subscriber_queue_size>
                            <title>accel speed</title>
                        </curve_3>
                        <curve_4>
                            <axes>
                                <x_axis>
                                    <field></field>
                                    <field_type>1</field_type>
                                    <scale>
                                        <absolute_maximum>1000</absolute_maximum>
                                        <absolute_minimum>0</absolute_minimum>
                                        <relative_maximum>0</relative_maximum>
                                        <relative_minimum>-1000</relative_minimum>
                                        <type>0</type>
                                    </scale>
                                    <topic>/accel_brake_map_calibrator/debug_values</topic>
                                    <type>std_msgs/Float32MultiArray</type>
                                </x_axis>
                                <y_axis>
                                    <field>data/7</field>
                                    <field_type>0</field_type>
                                    <scale>
                                        <absolute_maximum>1000</absolute_maximum>
                                        <absolute_minimum>0</absolute_minimum>
                                        <relative_maximum>0</relative_maximum>
                                        <relative_minimum>-1000</relative_minimum>
                                        <type>0</type>
                                    </scale>
                                    <topic>/accel_brake_map_calibrator/debug_values</topic>
                                    <type>std_msgs/Float32MultiArray</type>
                                </y_axis>
                            </axes>
                            <color>
                                <custom_color>#000000</custom_color>
                                <type>0</type>
                            </color>
                            <data>
                                <circular_buffer_capacity>1000</circular_buffer_capacity>
                                <time_frame_length>10</time_frame_length>
                                <type>0</type>
                            </data>
                            <style>
                                <lines_interpolate>false</lines_interpolate>
                                <pen_style>2</pen_style>
                                <pen_width>2</pen_width>
                                <render_antialias>false</render_antialias>
                                <steps_invert>false</steps_invert>
                                <sticks_baseline>0</sticks_baseline>
                                <sticks_orientation>2</sticks_orientation>
                                <type>0</type>
                            </style>
                            <subscriber_queue_size>100</subscriber_queue_size>
                            <title>raw brake speed</title>
                        </curve_4>
                        <curve_5>
                            <axes>
                                <x_axis>
                                    <field></field>
                                    <field_type>1</field_type>
                                    <scale>
                                        <absolute_maximum>1000</absolute_maximum>
                                        <absolute_minimum>0</absolute_minimum>
                                        <relative_maximum>0</relative_maximum>
                                        <relative_minimum>-1000</relative_minimum>
                                        <type>0</type>
                                    </scale>
                                    <topic>/accel_brake_map_calibrator/debug_values</topic>
                                    <type>std_msgs/Float32MultiArray</type>
                                </x_axis>
                                <y_axis>
                                    <field>data/8</field>
                                    <field_type>0</field_type>
                                    <scale>
                                        <absolute_maximum>1000</absolute_maximum>
                                        <absolute_minimum>0</absolute_minimum>
                                        <relative_maximum>0</relative_maximum>
                                        <relative_minimum>-1000</relative_minimum>
                                        <type>0</type>
                                    </scale>
                                    <topic>/accel_brake_map_calibrator/debug_values</topic>
                                    <type>std_msgs/Float32MultiArray</type>
                                </y_axis>
                            </axes>
                            <color>
                                <custom_color>#000000</custom_color>
                                <type>0</type>
                            </color>
                            <data>
                                <circular_buffer_capacity>1000</circular_buffer_capacity>
                                <time_frame_length>10</time_frame_length>
                                <type>0</type>
                            </data>
                            <style>
                                <lines_interpolate>false</lines_interpolate>
                                <pen_style>1</pen_style>
                                <pen_width>2</pen_width>
                                <render_antialias>false</render_antialias>
                                <steps_invert>false</steps_invert>
                                <sticks_baseline>0</sticks_baseline>
                                <sticks_orientation>2</sticks_orientation>
                                <type>0</type>
                            </style>
                            <subscriber_queue_size>100</subscriber_queue_size>
                            <title>brake speed</title>
                        </curve_5>
                        <curve_6>
                            <axes>
                                <x_axis>
                                    <field></field>
                                    <field_type>1</field_type>
                                    <scale>
                                        <absolute_maximum>1000</absolute_maximum>
                                        <absolute_minimum>0</absolute_minimum>
                                        <relative_maximum>0</relative_maximum>
                                        <relative_minimum>-1000</relative_minimum>
                                        <type>0</type>
                                    </scale>
                                    <topic>/accel_brake_map_calibrator/debug_values</topic>
                                    <type>std_msgs/Float32MultiArray</type>
                                </x_axis>
                                <y_axis>
                                    <field>data/11</field>
                                    <field_type>0</field_type>
                                    <scale>
                                        <absolute_maximum>1000</absolute_maximum>
                                        <absolute_minimum>0</absolute_minimum>
                                        <relative_maximum>0</relative_maximum>
                                        <relative_minimum>-1000</relative_minimum>
                                        <type>0</type>
                                    </scale>
                                    <topic>/accel_brake_map_calibrator/debug_values</topic>
                                    <type>std_msgs/Float32MultiArray</type>
                                </y_axis>
                            </axes>
                            <color>
                                <custom_color>#000000</custom_color>
                                <type>0</type>
                            </color>
                            <data>
                                <circular_buffer_capacity>1000</circular_buffer_capacity>
                                <time_frame_length>10</time_frame_length>
                                <type>0</type>
                            </data>
                            <style>
                                <lines_interpolate>false</lines_interpolate>
                                <pen_style>1</pen_style>
                                <pen_width>2</pen_width>
                                <render_antialias>false</render_antialias>
                                <steps_invert>false</steps_invert>
                                <sticks_baseline>0</sticks_baseline>
                                <sticks_orientation>2</sticks_orientation>
                                <type>0</type>
                            </style>
                            <subscriber_queue_size>100</subscriber_queue_size>
                            <title>steer</title>
                        </curve_6>
                    </curves>
                    <legend>
                        <visible>true</visible>
                    </legend>
                    <plot_rate>30</plot_rate>
                    <title>sub info</title>
                </column_0>
                <column_1>
                    <axes>
                        <axes>
                            <x_axis>
                                <custom_title>Untitled Axis</custom_title>
                                <title_type>0</title_type>
                                <title_visible>true</title_visible>
                            </x_axis>
                            <y_axis>
                                <custom_title>Untitled Axis</custom_title>
                                <title_type>0</title_type>
                                <title_visible>true</title_visible>
                            </y_axis>
                        </axes>
                    </axes>
                    <legend>
                        <visible>true</visible>
                    </legend>
                    <plot_rate>30</plot_rate>
                    <title>Untitled Plot</title>
                </column_1>
            </row_1>
        </plots>
        <track_points>false</track_points>
    </table>
</rqt_multiplot>
